{
    "xgb_weight": 0.34294413259264217,
    "lgbm_weight": 0.6570558674073579
}