{
    "xgb": {
        "max_depth": 4,
        "learning_rate": 0.03851468110737351,
        "subsample": 0.6622386424030899,
        "colsample_bytree": 0.7075842749215124,
        "gamma": 1.3452407211349608,
        "reg_alpha": 1.154975815124726e-05,
        "reg_lambda": 0.7215756291343555,
        "n_estimators": 37,
        "random_state": 42,
        "n_jobs": 2
    },
    "lgbm": {
        "num_leaves": 27,
        "learning_rate": 0.06399760571384348,
        "min_child_samples": 32,
        "feature_fraction": 0.9989879313923893,
        "bagging_fraction": 0.9450588707370329,
        "bagging_freq": 3,
        "lambda_l1": 2.7292595569161077e-06,
        "lambda_l2": 1.2387354246635167e-07,
        "n_estimators": 17,
        "random_state": 42,
        "n_jobs": 2,
        "verbosity": -1
    }
}