{
    "xgb_weight": 0.37873062285787584,
    "lgbm_weight": 0.6212693771421242
}