{
    "xgb": {
        "max_depth": 3,
        "learning_rate": 0.09129115219600122,
        "subsample": 0.9100531293444458,
        "colsample_bytree": 0.9757995766256756,
        "gamma": 4.474136752138244,
        "reg_alpha": 0.002404915432737351,
        "reg_lambda": 1.9809253750493907,
        "n_estimators": 27,
        "random_state": 42,
        "n_jobs": 2
    },
    "lgbm": {
        "num_leaves": 37,
        "learning_rate": 0.07616271169188137,
        "min_child_samples": 35,
        "feature_fraction": 0.9766471016600746,
        "bagging_fraction": 0.6339698479216147,
        "bagging_freq": 3,
        "lambda_l1": 2.3168094850909264e-05,
        "lambda_l2": 0.00011193077518965736,
        "n_estimators": 41,
        "random_state": 42,
        "n_jobs": 2,
        "verbosity": -1
    }
}