{
    "xgb_weight": 0.47170705726920414,
    "lgbm_weight": 0.5282929427307959
}