{
    "xgb": {
        "max_depth": 3,
        "learning_rate": 0.09610529782367219,
        "subsample": 0.6402626807714021,
        "colsample_bytree": 0.9638726142977677,
        "gamma": 2.570879089067261,
        "reg_alpha": 0.0041689592369463,
        "reg_lambda": 0.14504445855401485,
        "n_estimators": 24,
        "random_state": 42,
        "n_jobs": 2
    },
    "lgbm": {
        "num_leaves": 18,
        "learning_rate": 0.08580222514877409,
        "min_child_samples": 49,
        "feature_fraction": 0.9233589392465844,
        "bagging_fraction": 0.7218455076693483,
        "bagging_freq": 1,
        "lambda_l1": 0.014391207615728067,
        "lambda_l2": 9.148975058772307e-05,
        "n_estimators": 31,
        "random_state": 42,
        "n_jobs": 2,
        "verbosity": -1
    }
}