{
    "xgb_weight": 0.5198272700322493,
    "lgbm_weight": 0.48017272996775073
}