{
    "xgb_weight": 0.29013935058687024,
    "lgbm_weight": 0.7098606494131298
}