{
    "xgb": {
        "max_depth": 3,
        "learning_rate": 0.07621195864233186,
        "subsample": 0.7035119926400067,
        "colsample_bytree": 0.8650089137415928,
        "gamma": 1.5585553804470549,
        "reg_alpha": 0.0004793052550782129,
        "reg_lambda": 0.0008325158565947976,
        "n_estimators": 75,
        "random_state": 42,
        "n_jobs": 2
    },
    "lgbm": {
        "num_leaves": 33,
        "learning_rate": 0.0862735828664018,
        "min_child_samples": 38,
        "feature_fraction": 0.8394633936788146,
        "bagging_fraction": 0.6624074561769746,
        "bagging_freq": 2,
        "lambda_l1": 3.3323645788192616e-08,
        "lambda_l2": 0.6245760287469893,
        "n_estimators": 56,
        "random_state": 42,
        "n_jobs": 2,
        "verbosity": -1
    }
}