{
    "xgb_weight": 0.39162822685717913,
    "lgbm_weight": 0.6083717731428209
}