{
    "xgb_weight": 0.6066457130932779,
    "lgbm_weight": 0.39335428690672214
}