{
    "xgb": {
        "max_depth": 5,
        "learning_rate": 0.0066100579893490705,
        "n_estimators": 687,
        "subsample": 0.6963528387670435,
        "colsample_bytree": 0.8885523862584249,
        "gamma": 2.115023381846942
    },
    "lgbm": {
        "num_leaves": 56,
        "learning_rate": 0.07634714990163245,
        "n_estimators": 148,
        "min_child_samples": 49,
        "feature_fraction": 0.6376192117291652,
        "bagging_fraction": 0.6272971683485971,
        "bagging_freq": 3
    }
}