{
    "xgb": {
        "max_depth": 4,
        "learning_rate": 0.08404527575489883,
        "subsample": 0.7349100832549772,
        "colsample_bytree": 0.7049161397314844,
        "gamma": 2.2860147080335462,
        "reg_alpha": 0.007301751862463833,
        "reg_lambda": 2.52666191861327,
        "n_estimators": 69,
        "random_state": 42,
        "n_jobs": 2
    },
    "lgbm": {
        "num_leaves": 22,
        "learning_rate": 0.09347612837933632,
        "min_child_samples": 37,
        "feature_fraction": 0.6166161442084841,
        "bagging_fraction": 0.7805832554357518,
        "bagging_freq": 2,
        "lambda_l1": 1.3918115790424925e-07,
        "lambda_l2": 1.653818521040368e-05,
        "n_estimators": 45,
        "random_state": 42,
        "n_jobs": 2,
        "verbosity": -1
    }
}