{
    "xgb": {
        "max_depth": 6,
        "learning_rate": 0.006624780471671926,
        "n_estimators": 292,
        "subsample": 0.9329536571733229,
        "colsample_bytree": 0.8859045487202446,
        "gamma": 0.8067818360814649
    },
    "lgbm": {
        "num_leaves": 81,
        "learning_rate": 0.01311639616417479,
        "n_estimators": 213,
        "min_child_samples": 35,
        "feature_fraction": 0.980267412385541,
        "bagging_fraction": 0.7069188446429419,
        "bagging_freq": 1
    }
}