{
    "xgb_weight": 0.07450787694053737,
    "lgbm_weight": 0.9254921230594626
}