{
    "xgb": {
        "max_depth": 10,
        "learning_rate": 0.023084344821749776,
        "n_estimators": 204,
        "subsample": 0.6447983549057847,
        "colsample_bytree": 0.7511159544781888,
        "gamma": 3.398202015896376
    },
    "lgbm": {
        "num_leaves": 133,
        "learning_rate": 0.005687233487760744,
        "n_estimators": 446,
        "min_child_samples": 21,
        "feature_fraction": 0.779644422077984,
        "bagging_fraction": 0.9577816999569083,
        "bagging_freq": 1
    }
}