{
    "xgb": {
        "max_depth": 3,
        "learning_rate": 0.06912002815211425,
        "subsample": 0.670356498416774,
        "colsample_bytree": 0.8873648401287934,
        "gamma": 0.6524725524133302,
        "reg_alpha": 0.003095307244040428,
        "reg_lambda": 8.798576986890534,
        "n_estimators": 35,
        "random_state": 42,
        "n_jobs": 2
    },
    "lgbm": {
        "num_leaves": 31,
        "learning_rate": 0.047821635924629805,
        "min_child_samples": 47,
        "feature_fraction": 0.8600662449481618,
        "bagging_fraction": 0.774055590321431,
        "bagging_freq": 4,
        "lambda_l1": 7.164052318995432e-05,
        "lambda_l2": 1.9036165803515937e-06,
        "n_estimators": 54,
        "random_state": 42,
        "n_jobs": 2,
        "verbosity": -1
    }
}