{
    "xgb": {
        "max_depth": 3,
        "learning_rate": 0.021842145579876005,
        "n_estimators": 294,
        "subsample": 0.6233594169282325,
        "colsample_bytree": 0.8835553223133226,
        "gamma": 1.3907002782891857
    },
    "lgbm": {
        "num_leaves": 97,
        "learning_rate": 0.008202314415453035,
        "n_estimators": 835,
        "min_child_samples": 48,
        "feature_fraction": 0.8384102640178924,
        "bagging_fraction": 0.702340657621416,
        "bagging_freq": 1
    }
}