{
    "xgb_weight": 0.9869163234617699,
    "lgbm_weight": 0.01308367653823006
}