{
    "xgb_weight": 0.7637017704031862,
    "lgbm_weight": 0.2362982295968138
}