{
    "xgb": {
        "max_depth": 4,
        "learning_rate": 0.0862735828664018,
        "subsample": 0.892797576724562,
        "colsample_bytree": 0.8394633936788146,
        "gamma": 0.7800932022121826,
        "reg_alpha": 2.5348407664333426e-07,
        "reg_lambda": 3.3323645788192616e-08,
        "n_estimators": 58,
        "random_state": 42,
        "n_jobs": 2
    },
    "lgbm": {
        "num_leaves": 46,
        "learning_rate": 0.019776231820437196,
        "min_child_samples": 8,
        "feature_fraction": 0.8956541930402012,
        "bagging_fraction": 0.940825255157173,
        "bagging_freq": 2,
        "lambda_l1": 1.0886278704864518,
        "lambda_l2": 0.003921279155320182,
        "n_estimators": 176,
        "random_state": 42,
        "n_jobs": 2,
        "verbosity": -1
    }
}