{
    "xgb_weight": 0.5877237523769724,
    "lgbm_weight": 0.4122762476230276
}