{
    "xgb": {
        "max_depth": 3,
        "learning_rate": 0.07735494358952548,
        "subsample": 0.9343371146417723,
        "colsample_bytree": 0.7482347039988217,
        "gamma": 0.768008884376814,
        "reg_alpha": 1.955258749837503e-05,
        "reg_lambda": 9.768706275800537e-08,
        "n_estimators": 53,
        "random_state": 42,
        "n_jobs": 2
    },
    "lgbm": {
        "num_leaves": 33,
        "learning_rate": 0.07606703223010203,
        "min_child_samples": 31,
        "feature_fraction": 0.8212269364135417,
        "bagging_fraction": 0.6438809726537587,
        "bagging_freq": 3,
        "lambda_l1": 0.00028811017192291384,
        "lambda_l2": 0.0007762937725514533,
        "n_estimators": 30,
        "random_state": 42,
        "n_jobs": 2,
        "verbosity": -1
    }
}