{
    "xgb_weight": 0.3337521844680509,
    "lgbm_weight": 0.6662478155319491
}