{
    "xgb_weight": 0.029755210664401704,
    "lgbm_weight": 0.9702447893355983
}