{
    "xgb_weight": 0.15396409201047362,
    "lgbm_weight": 0.8460359079895263
}