{
    "xgb": {
        "max_depth": 3,
        "learning_rate": 0.028759210318568,
        "subsample": 0.7585463363566257,
        "colsample_bytree": 0.8570359603360441,
        "gamma": 3.3997458297831784,
        "reg_alpha": 3.1169626116538937e-06,
        "reg_lambda": 9.847082226857136,
        "n_estimators": 196,
        "random_state": 42,
        "n_jobs": 2
    },
    "lgbm": {
        "num_leaves": 37,
        "learning_rate": 0.0746786997728234,
        "min_child_samples": 45,
        "feature_fraction": 0.9603386678080219,
        "bagging_fraction": 0.9264931865001986,
        "bagging_freq": 6,
        "lambda_l1": 7.24703045564102e-07,
        "lambda_l2": 0.00014130061482426674,
        "n_estimators": 46,
        "random_state": 42,
        "n_jobs": 2,
        "verbosity": -1
    }
}