{
    "xgb_weight": 0.8308261418345967,
    "lgbm_weight": 0.1691738581654033
}