{
    "xgb": {
        "max_depth": 6,
        "learning_rate": 0.09922148440666406,
        "subsample": 0.6818367854858786,
        "colsample_bytree": 0.9333521333633286,
        "gamma": 4.448316083049813,
        "reg_alpha": 0.3038054296580254,
        "reg_lambda": 0.612902366476094,
        "n_estimators": 23,
        "random_state": 42,
        "n_jobs": 2
    },
    "lgbm": {
        "num_leaves": 45,
        "learning_rate": 0.07898542170156028,
        "min_child_samples": 32,
        "feature_fraction": 0.6357395214712234,
        "bagging_fraction": 0.6365488434248402,
        "bagging_freq": 2,
        "lambda_l1": 0.20499066757092846,
        "lambda_l2": 0.00184225086679337,
        "n_estimators": 43,
        "random_state": 42,
        "n_jobs": 2,
        "verbosity": -1
    }
}