{
    "xgb_weight": 0.4449588652248631,
    "lgbm_weight": 0.555041134775137
}