{
    "xgb": {
        "max_depth": 3,
        "learning_rate": 0.07603167669789089,
        "subsample": 0.7098068556674284,
        "colsample_bytree": 0.8731167537863709,
        "gamma": 4.754190474771027,
        "reg_alpha": 0.0010091441863203366,
        "reg_lambda": 1.6272505465057343e-07,
        "n_estimators": 72,
        "random_state": 42,
        "n_jobs": 2
    },
    "lgbm": {
        "num_leaves": 52,
        "learning_rate": 0.059174074462587115,
        "min_child_samples": 27,
        "feature_fraction": 0.7587631745884615,
        "bagging_fraction": 0.651419956568038,
        "bagging_freq": 6,
        "lambda_l1": 4.3112614732661954e-05,
        "lambda_l2": 0.6042912387978667,
        "n_estimators": 50,
        "random_state": 42,
        "n_jobs": 2,
        "verbosity": -1
    }
}