{
    "xgb_weight": 0.27049539037267023,
    "lgbm_weight": 0.7295046096273298
}