{
    "xgb": {
        "max_depth": 3,
        "learning_rate": 0.08475936650234965,
        "subsample": 0.6840361307968909,
        "colsample_bytree": 0.7667265391580591,
        "gamma": 1.7923934815122302,
        "reg_alpha": 0.00011554901310290789,
        "reg_lambda": 0.0009932274236943003,
        "n_estimators": 40,
        "random_state": 42,
        "n_jobs": 2
    },
    "lgbm": {
        "num_leaves": 38,
        "learning_rate": 0.039054498344654714,
        "min_child_samples": 47,
        "feature_fraction": 0.9995926294173987,
        "bagging_fraction": 0.7655742321889518,
        "bagging_freq": 7,
        "lambda_l1": 0.0008673851353223392,
        "lambda_l2": 3.1894206520456704e-05,
        "n_estimators": 82,
        "random_state": 42,
        "n_jobs": 2,
        "verbosity": -1
    }
}