{
    "xgb_weight": 0.6098137468215169,
    "lgbm_weight": 0.3901862531784831
}