{
    "xgb_weight": 0.4510612011260398,
    "lgbm_weight": 0.5489387988739602
}