{
    "xgb": {
        "max_depth": 6,
        "learning_rate": 0.008861243331136633,
        "n_estimators": 165,
        "subsample": 0.7076598909246036,
        "colsample_bytree": 0.9522326239901717,
        "gamma": 2.199810916502044
    },
    "lgbm": {
        "num_leaves": 72,
        "learning_rate": 0.006875870791021477,
        "n_estimators": 170,
        "min_child_samples": 13,
        "feature_fraction": 0.7837922403359205,
        "bagging_fraction": 0.649380624435228,
        "bagging_freq": 4
    }
}