{
    "xgb_weight": 0.5467437729621847,
    "lgbm_weight": 0.4532562270378153
}