{
    "xgb_weight": 0.2177075706104011,
    "lgbm_weight": 0.7822924293895989
}