{
    "xgb_weight": 0.10015769818436766,
    "lgbm_weight": 0.8998423018156323
}