{
    "xgb": {
        "max_depth": 6,
        "learning_rate": 0.05992457715325788,
        "subsample": 0.6797426476281554,
        "colsample_bytree": 0.994453779788249,
        "gamma": 4.008559894398234,
        "reg_alpha": 3.2166911111089423e-05,
        "reg_lambda": 1.3027662452209041,
        "n_estimators": 31,
        "random_state": 42,
        "n_jobs": 2
    },
    "lgbm": {
        "num_leaves": 55,
        "learning_rate": 0.0519930142019738,
        "min_child_samples": 36,
        "feature_fraction": 0.6429060521902737,
        "bagging_fraction": 0.6023578698631167,
        "bagging_freq": 1,
        "lambda_l1": 8.018808666772287e-05,
        "lambda_l2": 5.090850119300536e-08,
        "n_estimators": 33,
        "random_state": 42,
        "n_jobs": 2,
        "verbosity": -1
    }
}