{
    "xgb_weight": 0.059131097930947146,
    "lgbm_weight": 0.9408689020690528
}