{
    "xgb_weight": 0.26112859557574447,
    "lgbm_weight": 0.7388714044242555
}