{
    "xgb": {
        "max_depth": 6,
        "learning_rate": 0.008427378502562713,
        "subsample": 0.8421209607706357,
        "colsample_bytree": 0.6728106417263704,
        "gamma": 0.8165270458862163,
        "reg_alpha": 3.9587707533787833,
        "reg_lambda": 3.8840727744904013,
        "n_estimators": 388,
        "random_state": 42,
        "n_jobs": 2
    },
    "lgbm": {
        "num_leaves": 56,
        "learning_rate": 0.050001049854771024,
        "min_child_samples": 33,
        "feature_fraction": 0.8407804016365084,
        "bagging_fraction": 0.6203274698885517,
        "bagging_freq": 5,
        "lambda_l1": 0.04361199158011353,
        "lambda_l2": 0.923802909526838,
        "n_estimators": 64,
        "random_state": 42,
        "n_jobs": 2,
        "verbosity": -1
    }
}