{
    "xgb_weight": 0.6134200591337652,
    "lgbm_weight": 0.3865799408662348
}