{
    "xgb": {
        "max_depth": 3,
        "learning_rate": 0.03810926364989387,
        "subsample": 0.6622888045212691,
        "colsample_bytree": 0.6488265980969193,
        "gamma": 0.18567077320748343,
        "reg_alpha": 0.4586660752387465,
        "reg_lambda": 1.3659901953145934e-06,
        "n_estimators": 69,
        "random_state": 42,
        "n_jobs": 2
    },
    "lgbm": {
        "num_leaves": 41,
        "learning_rate": 0.06988625236396102,
        "min_child_samples": 23,
        "feature_fraction": 0.7647176081832758,
        "bagging_fraction": 0.8097931766594078,
        "bagging_freq": 6,
        "lambda_l1": 0.0690100144117104,
        "lambda_l2": 0.0016061154947382562,
        "n_estimators": 16,
        "random_state": 42,
        "n_jobs": 2,
        "verbosity": -1
    }
}