{
    "xgb_weight": 0.48034460116846844,
    "lgbm_weight": 0.5196553988315316
}