{
    "xgb": {
        "max_depth": 5,
        "learning_rate": 0.08083693283676655,
        "subsample": 0.8439684541891824,
        "colsample_bytree": 0.659722602182556,
        "gamma": 0.3550704533271394,
        "reg_alpha": 3.6274556152339885,
        "reg_lambda": 5.33852084085619,
        "n_estimators": 21,
        "random_state": 42,
        "n_jobs": 2
    },
    "lgbm": {
        "num_leaves": 39,
        "learning_rate": 0.043048321114685414,
        "min_child_samples": 36,
        "feature_fraction": 0.7013970431146923,
        "bagging_fraction": 0.9568304543255068,
        "bagging_freq": 2,
        "lambda_l1": 6.666180886255395e-07,
        "lambda_l2": 8.686905723038108e-08,
        "n_estimators": 40,
        "random_state": 42,
        "n_jobs": 2,
        "verbosity": -1
    }
}