{
    "xgb_weight": 0.11504380138385603,
    "lgbm_weight": 0.8849561986161439
}