{
    "xgb_weight": 0.9803119819115707,
    "lgbm_weight": 0.01968801808842935
}