{
    "xgb": {
        "max_depth": 3,
        "learning_rate": 0.07621195864233186,
        "subsample": 0.7035119926400067,
        "colsample_bytree": 0.8650089137415928,
        "gamma": 1.5585553804470549,
        "reg_alpha": 0.0004793052550782129,
        "reg_lambda": 0.0008325158565947976,
        "n_estimators": 60,
        "random_state": 42,
        "n_jobs": 2
    },
    "lgbm": {
        "num_leaves": 28,
        "learning_rate": 0.025411709798607296,
        "min_child_samples": 11,
        "feature_fraction": 0.9208787923016158,
        "bagging_fraction": 0.6298202574719083,
        "bagging_freq": 7,
        "lambda_l1": 0.08916674715636537,
        "lambda_l2": 6.143857495033091e-07,
        "n_estimators": 129,
        "random_state": 42,
        "n_jobs": 2,
        "verbosity": -1
    }
}