{
    "xgb_weight": 0.6523916059632802,
    "lgbm_weight": 0.34760839403671984
}