{
    "xgb": {
        "max_depth": 4,
        "learning_rate": 0.0862735828664018,
        "subsample": 0.892797576724562,
        "colsample_bytree": 0.8394633936788146,
        "gamma": 0.7800932022121826,
        "reg_alpha": 2.5348407664333426e-07,
        "reg_lambda": 3.3323645788192616e-08,
        "n_estimators": 40,
        "random_state": 42,
        "n_jobs": 2
    },
    "lgbm": {
        "num_leaves": 47,
        "learning_rate": 0.08302728959844875,
        "min_child_samples": 7,
        "feature_fraction": 0.9771514982976135,
        "bagging_fraction": 0.7046158191593175,
        "bagging_freq": 6,
        "lambda_l1": 2.2038789911767867e-05,
        "lambda_l2": 0.00015071577061673863,
        "n_estimators": 14,
        "random_state": 42,
        "n_jobs": 2,
        "verbosity": -1
    }
}