{
    "xgb_weight": 0.4922362536917081,
    "lgbm_weight": 0.5077637463082919
}