{
    "xgb": {
        "max_depth": 5,
        "learning_rate": 0.012090476933205979,
        "subsample": 0.8287057631403455,
        "colsample_bytree": 0.8871352420530564,
        "gamma": 1.9606014472641629,
        "reg_alpha": 0.624032630448876,
        "reg_lambda": 3.826535532438812,
        "n_estimators": 251,
        "random_state": 42,
        "n_jobs": 2
    },
    "lgbm": {
        "num_leaves": 43,
        "learning_rate": 0.049755127845028564,
        "min_child_samples": 29,
        "feature_fraction": 0.8672113500722914,
        "bagging_fraction": 0.6240502707114237,
        "bagging_freq": 1,
        "lambda_l1": 1.2724127206608687e-06,
        "lambda_l2": 1.355165662965227e-06,
        "n_estimators": 72,
        "random_state": 42,
        "n_jobs": 2,
        "verbosity": -1
    }
}