{
    "xgb_weight": 0.4579198452167698,
    "lgbm_weight": 0.5420801547832301
}