{
    "xgb_weight": 0.30705906652739245,
    "lgbm_weight": 0.6929409334726075
}