{
    "xgb": {
        "max_depth": 4,
        "learning_rate": 0.01701339706124354,
        "subsample": 0.7284214009233713,
        "colsample_bytree": 0.7796337910371378,
        "gamma": 3.0872723649651057,
        "reg_alpha": 7.635962689328252e-06,
        "reg_lambda": 0.013566056806294281,
        "n_estimators": 167,
        "random_state": 42,
        "n_jobs": 2
    },
    "lgbm": {
        "num_leaves": 40,
        "learning_rate": 0.08079642335178866,
        "min_child_samples": 38,
        "feature_fraction": 0.8357148875477901,
        "bagging_fraction": 0.8492618000323198,
        "bagging_freq": 3,
        "lambda_l1": 5.970826690614986e-05,
        "lambda_l2": 2.806535783973821e-08,
        "n_estimators": 32,
        "random_state": 42,
        "n_jobs": 2,
        "verbosity": -1
    }
}