{
    "xgb_weight": 0.36220724896523915,
    "lgbm_weight": 0.6377927510347609
}