{
    "xgb": {
        "max_depth": 5,
        "learning_rate": 0.03437693857969446,
        "subsample": 0.6716779634008715,
        "colsample_bytree": 0.8646606133217127,
        "gamma": 0.02528109767333575,
        "reg_alpha": 5.2568658843619244e-05,
        "reg_lambda": 3.771908557200682e-07,
        "n_estimators": 76,
        "random_state": 42,
        "n_jobs": 2
    },
    "lgbm": {
        "num_leaves": 50,
        "learning_rate": 0.03420539998604386,
        "min_child_samples": 30,
        "feature_fraction": 0.7176966401771597,
        "bagging_fraction": 0.6698844256633323,
        "bagging_freq": 5,
        "lambda_l1": 1.9743788615404346e-07,
        "lambda_l2": 1.0515433332810451e-08,
        "n_estimators": 80,
        "random_state": 42,
        "n_jobs": 2,
        "verbosity": -1
    }
}