{
    "xgb_weight": 0.5307658189477447,
    "lgbm_weight": 0.46923418105225534
}