{
    "xgb": {
        "max_depth": 3,
        "learning_rate": 0.06699716789610494,
        "subsample": 0.6648303584651191,
        "colsample_bytree": 0.8464945289720542,
        "gamma": 4.250137449334703,
        "reg_alpha": 1.1302191306313211e-07,
        "reg_lambda": 2.6418405127557847,
        "n_estimators": 56,
        "random_state": 42,
        "n_jobs": 2
    },
    "lgbm": {
        "num_leaves": 15,
        "learning_rate": 0.0389661179886873,
        "min_child_samples": 48,
        "feature_fraction": 0.9971532658308597,
        "bagging_fraction": 0.7131956186783337,
        "bagging_freq": 2,
        "lambda_l1": 0.020166110296204333,
        "lambda_l2": 0.002388592270072016,
        "n_estimators": 104,
        "random_state": 42,
        "n_jobs": 2,
        "verbosity": -1
    }
}