{
    "xgb_weight": 0.025375039690735842,
    "lgbm_weight": 0.9746249603092642
}