{
    "xgb": {
        "max_depth": 3,
        "learning_rate": 0.07621195864233186,
        "subsample": 0.7035119926400067,
        "colsample_bytree": 0.8650089137415928,
        "gamma": 1.5585553804470549,
        "reg_alpha": 0.0004793052550782129,
        "reg_lambda": 0.0008325158565947976,
        "n_estimators": 46,
        "random_state": 42,
        "n_jobs": 2
    },
    "lgbm": {
        "num_leaves": 45,
        "learning_rate": 0.07848585872098368,
        "min_child_samples": 33,
        "feature_fraction": 0.7994708785414638,
        "bagging_fraction": 0.6365402533464659,
        "bagging_freq": 1,
        "lambda_l1": 0.045513200901619144,
        "lambda_l2": 2.8686226449745202,
        "n_estimators": 25,
        "random_state": 42,
        "n_jobs": 2,
        "verbosity": -1
    }
}