{
    "xgb_weight": 0.488128012184483,
    "lgbm_weight": 0.511871987815517
}