{
    "xgb": {
        "max_depth": 4,
        "learning_rate": 0.0445150647515821,
        "subsample": 0.8180624299175638,
        "colsample_bytree": 0.9349587248875952,
        "gamma": 4.158467722378682,
        "reg_alpha": 0.015131921595054117,
        "reg_lambda": 0.13821366963796552,
        "n_estimators": 99,
        "random_state": 42,
        "n_jobs": 2
    },
    "lgbm": {
        "num_leaves": 19,
        "learning_rate": 0.028629796676729196,
        "min_child_samples": 40,
        "feature_fraction": 0.9757750046608401,
        "bagging_fraction": 0.8212707353181341,
        "bagging_freq": 4,
        "lambda_l1": 8.430685217843448e-06,
        "lambda_l2": 0.001120221873055699,
        "n_estimators": 133,
        "random_state": 42,
        "n_jobs": 2,
        "verbosity": -1
    }
}