{
    "xgb_weight": 0.9012831449962432,
    "lgbm_weight": 0.09871685500375682
}