{
    "xgb": {
        "max_depth": 4,
        "learning_rate": 0.05810281981317659,
        "subsample": 0.8538659451638736,
        "colsample_bytree": 0.8453878921872152,
        "gamma": 0.5589400978007382,
        "reg_alpha": 1.222151539192119e-06,
        "reg_lambda": 1.5356605943622526e-08,
        "n_estimators": 36,
        "random_state": 42,
        "n_jobs": 2
    },
    "lgbm": {
        "num_leaves": 31,
        "learning_rate": 0.06880858354238638,
        "min_child_samples": 5,
        "feature_fraction": 0.9495094953492272,
        "bagging_fraction": 0.6497739479085406,
        "bagging_freq": 5,
        "lambda_l1": 1.5546441261238122e-06,
        "lambda_l2": 0.20864412827551354,
        "n_estimators": 43,
        "random_state": 42,
        "n_jobs": 2,
        "verbosity": -1
    }
}