{
    "xgb": {
        "max_depth": 3,
        "learning_rate": 0.005749486026342628,
        "n_estimators": 577,
        "subsample": 0.6527259211245676,
        "colsample_bytree": 0.974737868546571,
        "gamma": 1.7165140180286786
    },
    "lgbm": {
        "num_leaves": 83,
        "learning_rate": 0.02631614811629929,
        "n_estimators": 103,
        "min_child_samples": 36,
        "feature_fraction": 0.9370250850089794,
        "bagging_fraction": 0.7317478197779904,
        "bagging_freq": 5
    }
}