{
    "xgb_weight": 0.8376950555841365,
    "lgbm_weight": 0.16230494441586352
}