{
    "xgb": {
        "max_depth": 3,
        "learning_rate": 0.04400064487138328,
        "subsample": 0.7482704927007265,
        "colsample_bytree": 0.9366560924425011,
        "gamma": 4.063901650541632,
        "reg_alpha": 0.14097856581562856,
        "reg_lambda": 0.4940424499876612,
        "n_estimators": 92,
        "random_state": 42,
        "n_jobs": 2
    },
    "lgbm": {
        "num_leaves": 26,
        "learning_rate": 0.0718358492484177,
        "min_child_samples": 39,
        "feature_fraction": 0.9621679661894973,
        "bagging_fraction": 0.7187789689477826,
        "bagging_freq": 2,
        "lambda_l1": 0.00022087263858757783,
        "lambda_l2": 0.007519973446427686,
        "n_estimators": 109,
        "random_state": 42,
        "n_jobs": 2,
        "verbosity": -1
    }
}